-- MySQL dump 10.13  Distrib 8.0.26, for Win64 (x86_64)
--
-- Host: localhost    Database: btlltw
-- ------------------------------------------------------
-- Server version	8.0.26

/*!40101 SET @OLD_CHARACTER_SET_CLIENT=@@CHARACTER_SET_CLIENT */;
/*!40101 SET @OLD_CHARACTER_SET_RESULTS=@@CHARACTER_SET_RESULTS */;
/*!40101 SET @OLD_COLLATION_CONNECTION=@@COLLATION_CONNECTION */;
/*!50503 SET NAMES utf8 */;
/*!40103 SET @OLD_TIME_ZONE=@@TIME_ZONE */;
/*!40103 SET TIME_ZONE='+00:00' */;
/*!40014 SET @OLD_UNIQUE_CHECKS=@@UNIQUE_CHECKS, UNIQUE_CHECKS=0 */;
/*!40014 SET @OLD_FOREIGN_KEY_CHECKS=@@FOREIGN_KEY_CHECKS, FOREIGN_KEY_CHECKS=0 */;
/*!40101 SET @OLD_SQL_MODE=@@SQL_MODE, SQL_MODE='NO_AUTO_VALUE_ON_ZERO' */;
/*!40111 SET @OLD_SQL_NOTES=@@SQL_NOTES, SQL_NOTES=0 */;

--
-- Table structure for table `coach`
--

DROP TABLE IF EXISTS `coach`;
/*!40101 SET @saved_cs_client     = @@character_set_client */;
/*!50503 SET character_set_client = utf8mb4 */;
CREATE TABLE `coach` (
  `id` int NOT NULL AUTO_INCREMENT,
  `plate` varchar(255) CHARACTER SET utf8mb4 COLLATE utf8mb4_vietnamese_ci NOT NULL,
  `model` varchar(255) CHARACTER SET utf8mb4 COLLATE utf8mb4_vietnamese_ci NOT NULL,
  `manufacturer` varchar(255) CHARACTER SET utf8mb4 COLLATE utf8mb4_vietnamese_ci NOT NULL,
  `capacity` int NOT NULL,
  `years_of_use` float NOT NULL,
  `last_maintenance_day` date NOT NULL,
  `is_active` tinyint NOT NULL,
  PRIMARY KEY (`id`) USING BTREE
) ENGINE=InnoDB AUTO_INCREMENT=39 DEFAULT CHARSET=utf8mb4 COLLATE=utf8mb4_vietnamese_ci ROW_FORMAT=DYNAMIC;
/*!40101 SET character_set_client = @saved_cs_client */;

--
-- Dumping data for table `coach`
--

LOCK TABLES `coach` WRITE;
/*!40000 ALTER TABLE `coach` DISABLE KEYS */;
INSERT INTO `coach` VALUES (1,'29A88698','Universe','Hyundai',47,7,'2021-10-14',1),(2,'29C83201','Wenda','Samco',47,6,'2021-10-26',1),(3,'29C41935','Aero Space','Hyundai',47,4,'2021-05-30',1),(4,'29F93714','Universe','Hino',47,8,'2021-08-02',1),(5,'29D58770','Tracomeco','Hyundai',47,4,'2021-03-21',1),(6,'29B73168','Universe','Hyundai',47,3,'2021-05-09',1),(7,'29C30766','Wenda','Samco',47,3,'2021-03-24',1),(8,'29C88568','Aero Space','Hyundai',47,3,'2021-11-01',1),(9,'29D88682','Universe','Hino',47,3,'2021-06-16',1),(10,'29D81939','Tracomeco','Hyundai',47,9,'2021-08-11',1),(11,'29B79417','Universe','Hyundai',47,7,'2021-11-01',1),(12,'29F52477','Wenda','Samco',47,6,'2021-01-24',1),(13,'29A91132','Aero Space','Hyundai',47,4,'2021-01-13',1),(14,'29E62545','Universe','Hino',47,4,'2021-11-07',1),(15,'29C43469','Tracomeco','Hyundai',47,5,'2021-03-15',1),(16,'29D54233','Isuzu Samco','Hyundai',31,7,'2021-09-13',1),(17,'29F63136','Kinglong','Thaco',31,6,'2021-06-10',1),(18,'29F88090','COUNTY LIMOUSINE','Hyundai',31,4,'2021-10-11',1),(19,'29F54282','COUNTY','Thaco',31,9,'2021-09-17',1),(20,'29E40395','VIP','Thaco',31,4,'2021-10-22',1),(21,'29A87191','Isuzu Samco','Hyundai',31,4,'2021-08-09',1),(22,'29D31295','Kinglong','Thaco',31,4,'2021-03-24',1),(23,'29C71097','COUNTY LIMOUSINE','Hyundai',31,3,'2021-09-20',1),(24,'29F37488','COUNTY','Thaco',31,3,'2021-01-24',1),(25,'29D77266','VIP','Thaco',31,3,'2021-11-17',1),(26,'29B42956','Isuzu Samco','Hyundai',31,3,'2021-11-15',1),(27,'29E61756','Kinglong','Thaco',31,3,'2020-12-15',1),(28,'29A38378','COUNTY LIMOUSINE','Hyundai',31,5,'2020-12-22',1),(29,'29B66433','COUNTY','Thaco',31,8,'2021-11-13',1),(30,'29C35217','VIP','Thaco',31,5,'2021-07-28',1),(31,'29E41872','Hiace','Toyota',18,5,'2020-12-12',1),(32,'29A75329','Transit','Ford',18,7,'2021-06-22',1),(33,'29C85664','Hiace','Toyota',18,8,'2021-07-31',1),(34,'29C40631','Transit','Ford',18,5,'2021-02-01',1),(35,'29E81937','Hiace','Toyota',18,6,'2021-07-15',1),(36,'29D68557','Transit','Ford',18,7,'2021-08-24',1),(37,'1','1','1',2,1,'2021-12-17',0),(38,'1','1','1',2,1,'2021-12-30',0);
/*!40000 ALTER TABLE `coach` ENABLE KEYS */;
UNLOCK TABLES;

--
-- Table structure for table `coach_turn`
--

DROP TABLE IF EXISTS `coach_turn`;
/*!40101 SET @saved_cs_client     = @@character_set_client */;
/*!50503 SET character_set_client = utf8mb4 */;
CREATE TABLE `coach_turn` (
  `id` int NOT NULL AUTO_INCREMENT,
  `passenger_amount` int NOT NULL,
  `ticket_price` float(255,0) NOT NULL,
  `start_time` datetime NOT NULL,
  `end_time` datetime NOT NULL,
  `grade_salary` float(255,0) NOT NULL,
  `coach_id` int NOT NULL,
  `route_id` int NOT NULL,
  `driver_id` int NOT NULL,
  `driver_asistant_id` int NOT NULL,
  PRIMARY KEY (`id`) USING BTREE,
  KEY `fk_lx` (`driver_id`) USING BTREE,
  KEY `fk_px` (`driver_asistant_id`) USING BTREE,
  KEY `fk_xk` (`coach_id`) USING BTREE,
  KEY `fk_tx` (`route_id`) USING BTREE,
  CONSTRAINT `fk_lx` FOREIGN KEY (`driver_id`) REFERENCES `driver` (`id`) ON DELETE RESTRICT ON UPDATE RESTRICT,
  CONSTRAINT `fk_px` FOREIGN KEY (`driver_asistant_id`) REFERENCES `driver` (`id`) ON DELETE RESTRICT ON UPDATE RESTRICT,
  CONSTRAINT `fk_tx` FOREIGN KEY (`route_id`) REFERENCES `route` (`id`) ON DELETE RESTRICT ON UPDATE RESTRICT,
  CONSTRAINT `fk_xk` FOREIGN KEY (`coach_id`) REFERENCES `coach` (`id`) ON DELETE RESTRICT ON UPDATE RESTRICT
) ENGINE=InnoDB AUTO_INCREMENT=115 DEFAULT CHARSET=utf8mb4 COLLATE=utf8mb4_vietnamese_ci ROW_FORMAT=DYNAMIC;
/*!40101 SET character_set_client = @saved_cs_client */;

--
-- Dumping data for table `coach_turn`
--

LOCK TABLES `coach_turn` WRITE;
/*!40000 ALTER TABLE `coach_turn` DISABLE KEYS */;
INSERT INTO `coach_turn` VALUES (1,35,100000,'2021-01-01 08:00:00','2021-01-01 10:00:00',3,3,17,25,3),(2,24,300000,'2021-01-04 12:00:00','2021-01-04 20:00:00',5,25,7,7,25),(3,18,100000,'2021-01-07 10:00:00','2021-01-07 12:00:00',3,21,19,12,2),(4,32,100000,'2021-01-10 07:00:00','2021-01-10 09:00:00',3,10,16,3,10),(5,33,100000,'2021-01-13 12:00:00','2021-01-13 14:00:00',3,12,19,18,9),(6,22,300000,'2021-01-16 09:00:00','2021-01-16 17:00:00',5,21,4,3,22),(7,27,200000,'2021-01-19 07:00:00','2021-01-19 11:00:00',4,20,11,24,14),(8,21,300000,'2021-01-22 10:00:00','2021-01-22 18:00:00',5,17,7,7,5),(9,34,100000,'2021-01-25 09:00:00','2021-01-25 11:00:00',3,7,15,3,8),(10,35,200000,'2021-01-28 07:00:00','2021-01-28 11:00:00',4,11,12,12,3),(11,19,300000,'2021-01-31 10:00:00','2021-01-31 18:00:00',5,24,4,6,14),(12,34,300000,'2021-02-03 09:00:00','2021-02-03 17:00:00',5,12,2,19,2),(13,20,300000,'2021-02-06 10:00:00','2021-02-06 18:00:00',5,22,8,7,9),(14,43,100000,'2021-02-09 07:00:00','2021-02-09 09:00:00',3,12,19,18,17),(15,35,300000,'2021-02-12 10:00:00','2021-02-12 18:00:00',5,1,6,5,7),(16,14,300000,'2021-02-15 12:00:00','2021-02-15 20:00:00',5,36,3,8,14),(17,26,200000,'2021-02-18 08:00:00','2021-02-18 12:00:00',4,21,12,10,21),(18,11,300000,'2021-02-21 09:00:00','2021-02-21 17:00:00',5,31,8,13,8),(19,10,300000,'2021-02-24 09:00:00','2021-02-24 17:00:00',5,33,2,21,15),(20,27,300000,'2021-02-27 08:00:00','2021-02-27 16:00:00',5,28,2,14,19),(21,21,100000,'2021-03-02 11:00:00','2021-03-02 13:00:00',3,21,19,18,7),(22,41,300000,'2021-03-05 10:00:00','2021-03-05 18:00:00',5,6,1,17,16),(23,17,100000,'2021-03-08 08:00:00','2021-03-08 10:00:00',3,29,17,18,10),(24,44,200000,'2021-03-11 08:00:00','2021-03-11 12:00:00',4,11,11,7,24),(25,32,200000,'2021-03-14 09:00:00','2021-03-14 13:00:00',4,10,12,13,22),(26,15,200000,'2021-03-17 08:00:00','2021-03-17 12:00:00',4,30,10,1,23),(27,20,100000,'2021-03-20 09:00:00','2021-03-20 11:00:00',3,21,19,12,8),(28,25,200000,'2021-03-23 11:00:00','2021-03-23 15:00:00',4,21,14,22,10),(29,10,200000,'2021-03-26 08:00:00','2021-03-26 12:00:00',4,31,10,9,13),(30,19,200000,'2021-03-29 09:00:00','2021-03-29 13:00:00',4,17,12,8,24),(31,20,100000,'2021-04-01 11:00:00','2021-04-01 13:00:00',3,30,18,13,17),(32,23,300000,'2021-04-04 08:00:00','2021-04-04 16:00:00',5,21,6,18,16),(33,31,100000,'2021-04-07 11:00:00','2021-04-07 13:00:00',3,10,17,20,19),(34,44,200000,'2021-04-10 07:00:00','2021-04-10 11:00:00',4,11,13,22,11),(35,15,200000,'2021-04-13 12:00:00','2021-04-13 16:00:00',4,18,9,22,16),(36,31,200000,'2021-04-16 12:00:00','2021-04-16 16:00:00',4,13,13,10,13),(37,13,100000,'2021-04-19 12:00:00','2021-04-19 14:00:00',3,31,17,6,11),(38,14,200000,'2021-04-22 11:00:00','2021-04-22 15:00:00',4,36,10,3,20),(39,25,300000,'2021-04-25 08:00:00','2021-04-25 16:00:00',5,21,6,10,21),(40,32,100000,'2021-04-28 08:00:00','2021-04-28 10:00:00',3,6,19,3,17),(41,12,300000,'2021-05-01 12:00:00','2021-05-01 20:00:00',5,31,1,12,22),(42,16,200000,'2021-05-04 12:00:00','2021-05-04 16:00:00',4,36,13,6,19),(43,26,200000,'2021-05-07 08:00:00','2021-05-07 12:00:00',4,29,10,1,22),(44,43,300000,'2021-05-10 09:00:00','2021-05-10 17:00:00',5,15,5,1,19),(45,11,100000,'2021-05-13 09:00:00','2021-05-13 11:00:00',3,33,17,14,1),(46,23,300000,'2021-05-16 11:00:00','2021-05-16 19:00:00',5,30,5,16,14),(47,30,200000,'2021-05-19 09:00:00','2021-05-19 13:00:00',4,10,12,1,20),(48,16,200000,'2021-05-22 10:00:00','2021-05-22 14:00:00',4,26,12,17,13),(49,37,200000,'2021-05-25 08:00:00','2021-05-25 12:00:00',4,8,14,2,23),(50,30,200000,'2021-05-28 11:00:00','2021-05-28 15:00:00',4,9,10,8,24),(51,16,100000,'2021-05-31 07:00:00','2021-05-31 09:00:00',3,36,15,20,9),(52,29,100000,'2021-06-03 10:00:00','2021-06-03 12:00:00',3,22,16,15,13),(53,16,100000,'2021-06-06 07:00:00','2021-06-06 09:00:00',3,32,18,21,11),(54,16,300000,'2021-06-09 08:00:00','2021-06-09 16:00:00',5,19,7,8,12),(55,41,200000,'2021-06-12 09:00:00','2021-06-12 13:00:00',4,8,13,9,6),(56,25,100000,'2021-06-15 07:00:00','2021-06-15 09:00:00',3,22,19,11,4),(57,27,300000,'2021-06-18 12:00:00','2021-06-18 20:00:00',5,26,5,23,4),(58,14,100000,'2021-06-21 12:00:00','2021-06-21 14:00:00',3,36,20,2,19),(59,39,300000,'2021-06-24 09:00:00','2021-06-24 17:00:00',5,3,8,21,14),(60,24,200000,'2021-06-27 11:00:00','2021-06-27 15:00:00',4,28,10,18,4),(61,16,100000,'2021-06-30 10:00:00','2021-06-30 12:00:00',3,21,19,24,14),(62,22,300000,'2021-07-03 11:00:00','2021-07-03 19:00:00',5,30,8,10,2),(63,44,300000,'2021-07-06 10:00:00','2021-07-06 18:00:00',5,8,2,2,24),(64,34,200000,'2021-07-09 09:00:00','2021-07-09 13:00:00',4,3,14,2,25),(65,40,300000,'2021-07-12 11:00:00','2021-07-12 19:00:00',5,4,4,6,1),(66,35,100000,'2021-07-15 08:00:00','2021-07-15 10:00:00',3,2,18,9,1),(67,30,100000,'2021-07-18 08:00:00','2021-07-18 10:00:00',3,7,18,25,4),(68,18,200000,'2021-07-21 11:00:00','2021-07-21 15:00:00',4,30,9,19,24),(69,42,100000,'2021-07-24 08:00:00','2021-07-24 10:00:00',3,15,20,2,16),(70,45,100000,'2021-07-27 08:00:00','2021-07-27 10:00:00',3,4,19,11,21),(71,45,300000,'2021-07-30 08:00:00','2021-07-30 16:00:00',5,9,7,12,21),(72,43,300000,'2021-08-02 11:00:00','2021-08-02 19:00:00',5,12,4,22,14),(73,15,300000,'2021-08-05 10:00:00','2021-08-05 18:00:00',5,16,4,5,24),(74,41,100000,'2021-08-08 11:00:00','2021-08-08 13:00:00',3,7,15,7,3),(75,35,200000,'2021-08-11 09:00:00','2021-08-11 13:00:00',4,8,14,12,21),(76,44,300000,'2021-08-14 12:00:00','2021-08-14 20:00:00',5,15,3,3,15),(77,40,300000,'2021-08-17 11:00:00','2021-08-17 19:00:00',5,5,3,22,17),(78,40,300000,'2021-08-20 10:00:00','2021-08-20 18:00:00',5,5,4,21,11),(79,33,100000,'2021-08-23 11:00:00','2021-08-23 13:00:00',3,6,19,25,13),(80,14,200000,'2021-08-26 09:00:00','2021-08-26 13:00:00',4,32,12,13,19),(81,10,200000,'2021-08-29 09:00:00','2021-08-29 13:00:00',4,35,13,2,11),(82,37,200000,'2021-09-01 11:00:00','2021-09-01 15:00:00',4,9,12,17,20),(83,20,300000,'2021-09-04 08:00:00','2021-09-04 16:00:00',5,24,7,14,18),(84,29,300000,'2021-09-07 11:00:00','2021-09-07 19:00:00',5,17,5,11,8),(85,16,100000,'2021-09-10 11:00:00','2021-09-10 13:00:00',3,22,16,19,22),(86,38,100000,'2021-09-13 07:00:00','2021-09-13 09:00:00',3,5,20,12,25),(87,15,100000,'2021-09-16 08:00:00','2021-09-16 10:00:00',3,22,17,7,1),(88,27,200000,'2021-09-19 10:00:00','2021-09-19 14:00:00',4,25,12,1,20),(89,24,100000,'2021-09-22 08:00:00','2021-09-22 10:00:00',3,23,20,17,23),(90,26,200000,'2021-09-25 12:00:00','2021-09-25 16:00:00',4,16,13,5,16),(91,20,100000,'2021-09-28 12:00:00','2021-09-28 14:00:00',3,21,18,16,4),(92,29,300000,'2021-10-01 07:00:00','2021-10-01 15:00:00',5,20,2,11,24),(93,45,100000,'2021-10-04 12:00:00','2021-10-04 14:00:00',3,14,18,7,5),(94,34,300000,'2021-10-07 11:00:00','2021-10-07 19:00:00',5,5,4,18,2),(95,36,300000,'2021-10-10 09:00:00','2021-10-10 17:00:00',5,5,6,24,22),(96,38,100000,'2021-10-13 08:00:00','2021-10-13 10:00:00',3,11,18,12,6),(97,36,200000,'2021-10-16 11:00:00','2021-10-16 15:00:00',4,3,14,1,17),(98,43,300000,'2021-10-19 11:00:00','2021-10-19 19:00:00',5,8,4,5,22),(99,31,200000,'2021-10-22 12:00:00','2021-10-22 16:00:00',4,3,11,23,21),(100,22,100000,'2021-10-25 10:00:00','2021-10-25 12:00:00',3,25,15,6,16),(101,30,200000,'2021-10-28 08:00:00','2021-10-28 12:00:00',4,9,14,11,20),(102,24,100000,'2021-10-31 07:00:00','2021-10-31 09:00:00',3,26,15,24,23),(103,25,300000,'2021-11-03 09:00:00','2021-11-03 17:00:00',5,27,7,9,20),(104,44,300000,'2021-11-06 11:00:00','2021-11-06 19:00:00',5,10,6,21,17),(105,20,200000,'2021-11-09 12:00:00','2021-11-09 16:00:00',4,19,9,9,13),(106,31,200000,'2021-11-12 12:00:00','2021-11-12 16:00:00',4,15,9,21,9),(107,42,100000,'2021-11-15 09:00:00','2021-11-15 11:00:00',3,12,19,10,23),(108,17,300000,'2021-11-18 07:00:00','2021-11-18 15:00:00',5,30,1,24,20),(109,13,300000,'2021-11-21 09:00:00','2021-11-21 17:00:00',5,34,5,8,7),(110,11,200000,'2021-11-24 09:00:00','2021-11-24 13:00:00',4,36,12,16,4),(111,28,200000,'2021-11-27 07:00:00','2021-11-27 11:00:00',4,19,9,5,15),(112,26,100000,'2021-11-30 12:00:00','2021-11-30 14:00:00',3,22,18,23,5),(113,39,100000,'2021-12-03 11:00:00','2021-12-03 13:00:00',3,5,15,19,11),(114,37,100000,'2021-12-06 11:00:00','2021-12-06 13:00:00',3,11,20,19,3);
/*!40000 ALTER TABLE `coach_turn` ENABLE KEYS */;
UNLOCK TABLES;

--
-- Table structure for table `complexity`
--

DROP TABLE IF EXISTS `complexity`;
/*!40101 SET @saved_cs_client     = @@character_set_client */;
/*!50503 SET character_set_client = utf8mb4 */;
CREATE TABLE `complexity` (
  `complexity` int NOT NULL AUTO_INCREMENT,
  `grade_salary` float(255,2) NOT NULL,
  PRIMARY KEY (`complexity`) USING BTREE
) ENGINE=InnoDB AUTO_INCREMENT=4 DEFAULT CHARSET=utf8mb4 COLLATE=utf8mb4_vietnamese_ci ROW_FORMAT=DYNAMIC;
/*!40101 SET character_set_client = @saved_cs_client */;

--
-- Dumping data for table `complexity`
--

LOCK TABLES `complexity` WRITE;
/*!40000 ALTER TABLE `complexity` DISABLE KEYS */;
INSERT INTO `complexity` VALUES (1,3.00),(2,4.00),(3,5.00);
/*!40000 ALTER TABLE `complexity` ENABLE KEYS */;
UNLOCK TABLES;

--
-- Table structure for table `driver`
--

DROP TABLE IF EXISTS `driver`;
/*!40101 SET @saved_cs_client     = @@character_set_client */;
/*!50503 SET character_set_client = utf8mb4 */;
CREATE TABLE `driver` (
  `id` int NOT NULL AUTO_INCREMENT,
  `name` varchar(255) CHARACTER SET utf8mb4 COLLATE utf8mb4_vietnamese_ci NOT NULL,
  `id_card` varchar(255) CHARACTER SET utf8mb4 COLLATE utf8mb4_vietnamese_ci NOT NULL,
  `driving_license_code` varchar(255) CHARACTER SET utf8mb4 COLLATE utf8mb4_vietnamese_ci NOT NULL,
  `type_of_license` varchar(255) CHARACTER SET utf8mb4 COLLATE utf8mb4_vietnamese_ci NOT NULL,
  `address` varchar(255) CHARACTER SET utf8mb4 COLLATE utf8mb4_vietnamese_ci NOT NULL,
  `birthday` date NOT NULL,
  `experience` int NOT NULL,
  `is_active` tinyint NOT NULL,
  `fixed_salary_id` int NOT NULL,
  PRIMARY KEY (`id`) USING BTREE,
  KEY `fk_fsalary` (`fixed_salary_id`) USING BTREE
) ENGINE=InnoDB AUTO_INCREMENT=26 DEFAULT CHARSET=utf8mb4 COLLATE=utf8mb4_vietnamese_ci ROW_FORMAT=DYNAMIC;
/*!40101 SET character_set_client = @saved_cs_client */;

--
-- Dumping data for table `driver`
--

LOCK TABLES `driver` WRITE;
/*!40000 ALTER TABLE `driver` DISABLE KEYS */;
INSERT INTO `driver` VALUES (1,'Trần Dương Trọng Anh','001078590270','010065617982','D','Hà Nội','1993-04-26',5,1,3),(2,'Hoàng Xuân Đạt','001026652790','010065897617','D','Hà Nội','1992-10-06',8,1,2),(3,'Phạm Việt Đức','001032582645','010069133148','E','Hà Nội','1993-06-25',6,1,4),(4,'Nguyễn Đức Giang','001054340696','010069042138','D','Hà Nội','1992-12-01',8,1,1),(5,'Lê Hoàng Hải','001030135506','010066835441','E','Hà Nội','1994-04-26',7,1,3),(6,'Trần Thiện Hải','001043968313','010066952729','D','Hà Nội','1994-11-25',5,1,2),(7,'Ngô Anh Hiếu','001031050869','010069177118','C','Hà Nội','1993-09-13',6,1,3),(8,'Nguyễn Minh Hiếu','001066970737','010068010643','C','Hà Nội','1993-09-16',8,1,4),(9,'Lê Bá Hoàng','001063376843','010066618735','E','Hà Nội','1992-06-26',6,1,2),(10,'Phạm Việt Hoàng','001041340073','010066177682','C','Hà Nội','1994-08-25',6,1,4),(11,'Triệu Huy Hoàng','001083795454','010066587445','D','Hà Nội','1994-12-11',7,1,1),(12,'Trần Việt Huy','001021861366','010066943558','E','Hà Nội','1995-05-23',7,1,1),(13,'Cao Văn Khang','001037126411','010066643434','E','Hà Nội','1992-07-22',6,1,1),(14,'Nguyễn Đức Lâm','001022637352','010065521276','C','Hà Nội','1993-05-26',6,1,1),(15,'Đặng Quyền Linh','001084966709','010069390760','E','Hà Nội','1995-01-20',6,1,4),(16,'Nguyễn Hoàng Long','001027574654','010067463909','C','Hà Nội','1993-02-12',7,1,2),(17,'Hoàng Văn Mạnh','001051523960','010067662849','C','Hà Nội','1993-02-27',5,1,2),(18,'Khuất Đình Mạnh','001052712652','010069297588','E','Hà Nội','1995-04-10',8,1,4),(19,'Vũ Đình Mạnh','001049663438','010066341823','C','Hà Nội','1993-01-31',6,1,4),(20,'Nguyễn Đức Minh','001085741087','010068385969','E','Hà Nội','1992-11-10',7,1,2),(21,'Trịnh Bình Minh','001071614962','010067763086','C','Hà Nội','1995-06-12',5,1,1),(22,'Nguyễn Duy Nam','001061650959','010065545578','D','Hà Nội','1994-11-04',7,1,1),(23,'Lê Minh Quang','001051759665','010066075541','C','Hà Nội','1994-05-30',6,1,1),(24,'Đoàn Văn Thịnh','001067195732','010066926062','E','Hà Nội','1992-12-14',7,1,2),(25,'Trần Khánh Việt','001037872277','010065952156','E','Hà Nội','1993-02-22',5,1,4);
/*!40000 ALTER TABLE `driver` ENABLE KEYS */;
UNLOCK TABLES;

--
-- Table structure for table `fixed_salary`
--

DROP TABLE IF EXISTS `fixed_salary`;
/*!40101 SET @saved_cs_client     = @@character_set_client */;
/*!50503 SET character_set_client = utf8mb4 */;
CREATE TABLE `fixed_salary` (
  `id` int NOT NULL AUTO_INCREMENT,
  `grade` float NOT NULL,
  `basic_salary` float NOT NULL,
  PRIMARY KEY (`id`) USING BTREE,
  KEY `grade` (`grade`) USING BTREE
) ENGINE=InnoDB AUTO_INCREMENT=5 DEFAULT CHARSET=utf8mb4 COLLATE=utf8mb4_0900_ai_ci ROW_FORMAT=DYNAMIC;
/*!40101 SET character_set_client = @saved_cs_client */;

--
-- Dumping data for table `fixed_salary`
--

LOCK TABLES `fixed_salary` WRITE;
/*!40000 ALTER TABLE `fixed_salary` DISABLE KEYS */;
INSERT INTO `fixed_salary` VALUES (1,2.2,1500000),(2,2.4,1500000),(3,2.57,1500000),(4,2.68,1500000);
/*!40000 ALTER TABLE `fixed_salary` ENABLE KEYS */;
UNLOCK TABLES;

--
-- Table structure for table `route`
--

DROP TABLE IF EXISTS `route`;
/*!40101 SET @saved_cs_client     = @@character_set_client */;
/*!50503 SET character_set_client = utf8mb4 */;
CREATE TABLE `route` (
  `id` int NOT NULL AUTO_INCREMENT,
  `point_of_departure` varchar(255) CHARACTER SET utf8mb4 COLLATE utf8mb4_vietnamese_ci NOT NULL,
  `destination` varchar(255) CHARACTER SET utf8mb4 COLLATE utf8mb4_vietnamese_ci NOT NULL,
  `length` float(255,0) NOT NULL,
  `complexity_id` int NOT NULL,
  `is_active` tinyint NOT NULL,
  PRIMARY KEY (`id`) USING BTREE,
  KEY `fk_dpt` (`complexity_id`) USING BTREE,
  CONSTRAINT `fk_pdt` FOREIGN KEY (`complexity_id`) REFERENCES `complexity` (`complexity`) ON DELETE RESTRICT ON UPDATE RESTRICT
) ENGINE=InnoDB AUTO_INCREMENT=21 DEFAULT CHARSET=utf8mb4 COLLATE=utf8mb4_vietnamese_ci ROW_FORMAT=DYNAMIC;
/*!40101 SET character_set_client = @saved_cs_client */;

--
-- Dumping data for table `route`
--

LOCK TABLES `route` WRITE;
/*!40000 ALTER TABLE `route` DISABLE KEYS */;
INSERT INTO `route` VALUES (1,'Hà Nội','Sơn La',300,3,1),(2,'Hà Nội','Nghệ An',331,3,1),(3,'Hà Nội','Hà Tĩnh',350,3,1),(4,'Hà Nội','Hà Giang',281,3,1),(5,'Sơn La','Hà Nội',300,3,1),(6,'Nghệ An','Hà Nội',331,3,1),(7,'Hà Tĩnh','Hà Nội',350,3,1),(8,'Hà Giang','Hà Nội',281,3,1),(9,'Hà Nội','Thái Bình',100,2,1),(10,'Hà Nội','Thanh Hóa',160,2,1),(11,'Hà Nội','Ninh Bình',100,2,1),(12,'Thái Bình','Hà Nội',100,2,1),(13,'Thanh Hóa','Hà Nội',160,2,1),(14,'Ninh Bình','Hà Nội',100,2,1),(15,'Hà Nội','Hải Phòng',120,1,1),(16,'Hà Nội','Điện Biên',40,1,1),(17,'Hà Nội','Nam Định',80,1,1),(18,'Hải Phòng','Hà Nội',120,1,1),(19,'Điện Biên','Hà Nội',40,1,1),(20,'Nam Định','Hà Nội',80,1,1);
/*!40000 ALTER TABLE `route` ENABLE KEYS */;
UNLOCK TABLES;

--
-- Table structure for table `total_salary`
--

DROP TABLE IF EXISTS `total_salary`;
/*!40101 SET @saved_cs_client     = @@character_set_client */;
/*!50503 SET character_set_client = utf8mb4 */;
CREATE TABLE `total_salary` (
  `id` int NOT NULL AUTO_INCREMENT,
  `total` float NOT NULL,
  `month` int NOT NULL,
  `year` int NOT NULL,
  `driver_id` int NOT NULL,
  PRIMARY KEY (`id`) USING BTREE,
  KEY `fK_drive` (`driver_id`) USING BTREE,
  CONSTRAINT `fK_drive` FOREIGN KEY (`driver_id`) REFERENCES `driver` (`id`) ON DELETE RESTRICT ON UPDATE RESTRICT
) ENGINE=InnoDB AUTO_INCREMENT=855 DEFAULT CHARSET=utf8mb4 COLLATE=utf8mb4_0900_ai_ci ROW_FORMAT=DYNAMIC;
/*!40101 SET character_set_client = @saved_cs_client */;

--
-- Dumping data for table `total_salary`
--

LOCK TABLES `total_salary` WRITE;
/*!40000 ALTER TABLE `total_salary` DISABLE KEYS */;
INSERT INTO `total_salary` VALUES (1,3855000,1,2021,1),(2,3636000,1,2021,2),(3,5092000,1,2021,3),(4,3300000,1,2021,4),(5,4107000,1,2021,5),(6,4056000,1,2021,6),(7,4935000,1,2021,7),(8,4088000,1,2021,8),(9,3666000,1,2021,9),(10,4084000,1,2021,10),(11,3300000,1,2021,11),(12,3792000,1,2021,12),(13,3300000,1,2021,13),(14,3690000,1,2021,14),(15,4020000,1,2021,15),(16,3600000,1,2021,16),(17,3600000,1,2021,17),(18,4152000,1,2021,18),(19,4020000,1,2021,19),(20,3600000,1,2021,20),(21,3300000,1,2021,21),(22,3564000,1,2021,22),(23,3300000,1,2021,23),(24,3924000,1,2021,24),(25,4448000,1,2021,25),(26,3855000,2,2021,1),(27,4008000,2,2021,2),(28,4020000,2,2021,3),(29,3300000,2,2021,4),(30,4695000,2,2021,5),(31,3600000,2,2021,6),(32,4755000,2,2021,7),(33,4488000,2,2021,8),(34,3840000,2,2021,9),(35,4332000,2,2021,10),(36,3300000,2,2021,11),(37,3300000,2,2021,12),(38,3564000,2,2021,13),(39,4116000,2,2021,14),(40,4140000,2,2021,15),(41,3600000,2,2021,16),(42,3686000,2,2021,17),(43,4192000,2,2021,18),(44,5160000,2,2021,19),(45,3600000,2,2021,20),(46,3696000,2,2021,21),(47,3300000,2,2021,22),(48,3300000,2,2021,23),(49,3600000,2,2021,24),(50,4020000,2,2021,25),(51,4035000,3,2021,1),(52,3600000,3,2021,2),(53,4020000,3,2021,3),(54,3300000,3,2021,4),(55,3855000,3,2021,5),(56,3600000,3,2021,6),(57,4425000,3,2021,7),(58,4288000,3,2021,8),(59,3720000,3,2021,9),(60,4204000,3,2021,10),(61,3300000,3,2021,11),(62,3380000,3,2021,12),(63,3744000,3,2021,13),(64,3300000,3,2021,14),(65,4020000,3,2021,15),(66,4092000,3,2021,16),(67,4584000,3,2021,17),(68,4172000,3,2021,18),(69,4020000,3,2021,19),(70,3600000,3,2021,20),(71,3300000,3,2021,21),(72,3792000,3,2021,22),(73,3390000,3,2021,23),(74,3978000,3,2021,24),(75,4020000,3,2021,25),(76,3855000,4,2021,1),(77,3600000,4,2021,2),(78,4316000,4,2021,3),(79,3300000,4,2021,4),(80,3855000,4,2021,5),(81,3652000,4,2021,6),(82,3855000,4,2021,7),(83,4020000,4,2021,8),(84,3600000,4,2021,9),(85,4992000,4,2021,10),(86,3590000,4,2021,11),(87,3300000,4,2021,12),(88,3566000,4,2021,13),(89,3300000,4,2021,14),(90,4020000,4,2021,15),(91,3966000,4,2021,16),(92,3704000,4,2021,17),(93,4572000,4,2021,18),(94,4082000,4,2021,19),(95,3808000,4,2021,20),(96,3600000,4,2021,21),(97,4008000,4,2021,22),(98,3300000,4,2021,23),(99,3600000,4,2021,24),(100,4020000,4,2021,25),(101,5581000,5,2021,1),(102,4044000,5,2021,2),(103,4020000,5,2021,3),(104,3300000,5,2021,4),(105,3855000,5,2021,5),(106,3792000,5,2021,6),(107,3855000,5,2021,7),(108,4380000,5,2021,8),(109,3632000,5,2021,9),(110,4020000,5,2021,10),(111,3300000,5,2021,11),(112,3588000,5,2021,12),(113,3396000,5,2021,13),(114,3620000,5,2021,14),(115,4020000,5,2021,15),(116,4152000,5,2021,16),(117,3792000,5,2021,17),(118,4020000,5,2021,18),(119,4632000,5,2021,19),(120,3844000,5,2021,20),(121,3300000,5,2021,21),(122,3600000,5,2021,22),(123,3522000,5,2021,23),(124,3780000,5,2021,24),(125,4020000,5,2021,25),(126,3855000,6,2021,1),(127,3656000,6,2021,2),(128,4020000,6,2021,3),(129,3818000,6,2021,4),(130,3855000,6,2021,5),(131,3846000,6,2021,6),(132,3855000,6,2021,7),(133,4404000,6,2021,8),(134,4092000,6,2021,9),(135,4020000,6,2021,10),(136,3432000,6,2021,11),(137,3492000,6,2021,12),(138,3358000,6,2021,13),(139,3800000,6,2021,14),(140,4136000,6,2021,15),(141,3600000,6,2021,16),(142,3600000,6,2021,17),(143,4308000,6,2021,18),(144,4048000,6,2021,19),(145,3600000,6,2021,20),(146,4300000,6,2021,21),(147,3300000,6,2021,22),(148,3948000,6,2021,23),(149,3664000,6,2021,24),(150,4020000,6,2021,25),(151,4405000,7,2021,1),(152,5496000,7,2021,2),(153,4020000,7,2021,3),(154,3360000,7,2021,4),(155,3855000,7,2021,5),(156,4560000,7,2021,6),(157,3855000,7,2021,7),(158,4020000,7,2021,8),(159,3740000,7,2021,9),(160,4548000,7,2021,10),(161,3480000,7,2021,11),(162,4380000,7,2021,12),(163,3300000,7,2021,13),(164,3300000,7,2021,14),(165,4020000,7,2021,15),(166,3684000,7,2021,16),(167,3600000,7,2021,17),(168,4020000,7,2021,18),(169,4236000,7,2021,19),(170,3600000,7,2021,20),(171,3930000,7,2021,21),(172,3300000,7,2021,22),(173,3300000,7,2021,23),(174,4236000,7,2021,24),(175,4344000,7,2021,25),(176,3855000,8,2021,1),(177,3720000,8,2021,2),(178,5158000,8,2021,3),(179,3300000,8,2021,4),(180,4215000,8,2021,5),(181,3600000,8,2021,6),(182,4019000,8,2021,7),(183,4020000,8,2021,8),(184,3600000,8,2021,9),(185,4020000,8,2021,10),(186,3840000,8,2021,11),(187,3720000,8,2021,12),(188,3534000,8,2021,13),(189,3816000,8,2021,14),(190,4548000,8,2021,15),(191,3600000,8,2021,16),(192,4080000,8,2021,17),(193,4020000,8,2021,18),(194,4104000,8,2021,19),(195,3600000,8,2021,20),(196,4470000,8,2021,21),(197,5292000,8,2021,22),(198,3300000,8,2021,23),(199,3780000,8,2021,24),(200,4152000,8,2021,25),(201,4209000,9,2021,1),(202,3600000,9,2021,2),(203,4020000,9,2021,3),(204,3340000,9,2021,4),(205,4167000,9,2021,5),(206,3600000,9,2021,6),(207,3915000,9,2021,7),(208,4368000,9,2021,8),(209,3600000,9,2021,9),(210,4020000,9,2021,10),(211,3996000,9,2021,11),(212,3452000,9,2021,12),(213,3300000,9,2021,13),(214,3780000,9,2021,14),(215,4020000,9,2021,15),(216,3836000,9,2021,16),(217,4140000,9,2021,17),(218,4260000,9,2021,18),(219,4084000,9,2021,19),(220,3984000,9,2021,20),(221,3300000,9,2021,21),(222,3332000,9,2021,22),(223,3348000,9,2021,23),(224,3600000,9,2021,24),(225,4096000,9,2021,25),(226,4287000,10,2021,1),(227,4008000,10,2021,2),(228,4020000,10,2021,3),(229,3300000,10,2021,4),(230,4977000,10,2021,5),(231,3764000,10,2021,6),(232,4035000,10,2021,7),(233,4020000,10,2021,8),(234,3600000,10,2021,9),(235,4020000,10,2021,10),(236,4356000,10,2021,11),(237,3452000,10,2021,12),(238,3300000,10,2021,13),(239,3300000,10,2021,14),(240,4020000,10,2021,15),(241,3644000,10,2021,16),(242,3816000,10,2021,17),(243,4836000,10,2021,18),(244,4020000,10,2021,19),(245,3780000,10,2021,20),(246,3486000,10,2021,21),(247,4248000,10,2021,22),(248,3720000,10,2021,23),(249,4908000,10,2021,24),(250,4020000,10,2021,25),(251,3855000,11,2021,1),(252,3600000,11,2021,2),(253,4020000,11,2021,3),(254,3366000,11,2021,4),(255,4243000,11,2021,5),(256,3600000,11,2021,6),(257,4011000,11,2021,7),(258,4332000,11,2021,8),(259,4626000,11,2021,9),(260,4188000,11,2021,10),(261,3300000,11,2021,11),(262,3300000,11,2021,12),(263,3420000,11,2021,13),(264,3300000,11,2021,14),(265,4188000,11,2021,15),(266,3732000,11,2021,16),(267,4128000,11,2021,17),(268,4020000,11,2021,18),(269,4020000,11,2021,19),(270,4104000,11,2021,20),(271,4728000,11,2021,21),(272,3300000,11,2021,22),(273,3488000,11,2021,23),(274,4008000,11,2021,24),(275,4020000,11,2021,25);
/*!40000 ALTER TABLE `total_salary` ENABLE KEYS */;
UNLOCK TABLES;

--
-- Table structure for table `user`
--

DROP TABLE IF EXISTS `user`;
/*!40101 SET @saved_cs_client     = @@character_set_client */;
/*!50503 SET character_set_client = utf8mb4 */;
CREATE TABLE `user` (
  `id` int NOT NULL AUTO_INCREMENT,
  `username` varchar(255) CHARACTER SET utf8mb4 COLLATE utf8mb4_0900_ai_ci NOT NULL,
  `password` varchar(255) CHARACTER SET utf8mb4 COLLATE utf8mb4_0900_ai_ci NOT NULL,
  `email` varchar(255) CHARACTER SET utf8mb4 COLLATE utf8mb4_0900_ai_ci NOT NULL,
  PRIMARY KEY (`id`) USING BTREE
) ENGINE=InnoDB AUTO_INCREMENT=2 DEFAULT CHARSET=utf8mb4 COLLATE=utf8mb4_0900_ai_ci ROW_FORMAT=DYNAMIC;
/*!40101 SET character_set_client = @saved_cs_client */;

--
-- Dumping data for table `user`
--

LOCK TABLES `user` WRITE;
/*!40000 ALTER TABLE `user` DISABLE KEYS */;
INSERT INTO `user` VALUES (1,'test','$2a$12$4JaFwFCbu3pMYuFaVzmILudtwQAaDbsnsREHf9fG7Wc4bjCFAsnzG','luongbeo1332000@@gmail.com');
/*!40000 ALTER TABLE `user` ENABLE KEYS */;
UNLOCK TABLES;
/*!40103 SET TIME_ZONE=@OLD_TIME_ZONE */;

/*!40101 SET SQL_MODE=@OLD_SQL_MODE */;
/*!40014 SET FOREIGN_KEY_CHECKS=@OLD_FOREIGN_KEY_CHECKS */;
/*!40014 SET UNIQUE_CHECKS=@OLD_UNIQUE_CHECKS */;
/*!40101 SET CHARACTER_SET_CLIENT=@OLD_CHARACTER_SET_CLIENT */;
/*!40101 SET CHARACTER_SET_RESULTS=@OLD_CHARACTER_SET_RESULTS */;
/*!40101 SET COLLATION_CONNECTION=@OLD_COLLATION_CONNECTION */;
/*!40111 SET SQL_NOTES=@OLD_SQL_NOTES */;

-- Dump completed on 2021-12-09 21:10:33
